{
    "loss": [
        0.10000988095998764,
        0.02038949728012085,
        0.011564956977963448,
        0.007925559766590595,
        0.0051375143229961395,
        0.0034348899498581886,
        0.0031267199665308,
        0.002416383707895875,
        0.0023485207930207253,
        0.0012831682106480002,
        0.0017179071437567472,
        0.001730456599034369
    ],
    "mse": [
        0.4998190999031067,
        0.5011789202690125,
        0.5002012848854065,
        0.5079386830329895,
        0.8238316774368286,
        0.775657594203949,
        0.7163150310516357,
        0.7523840665817261,
        0.9324098825454712,
        0.7830400466918945,
        0.5917723774909973,
        0.764010488986969
    ],
    "mae": [
        0.4998191297054291,
        0.5011789202690125,
        0.5003153085708618,
        0.5244380235671997,
        0.863020658493042,
        0.8142545223236084,
        0.7795861959457397,
        0.8117429614067078,
        0.9362664222717285,
        0.7969608306884766,
        0.6504985690116882,
        0.7823255062103271
    ],
    "recall": [
        1.0,
        1.0,
        1.0,
        0.9999346137046814,
        0.9824734330177307,
        0.9252190589904785,
        0.8855649828910828,
        0.9318925738334656,
        0.960067868232727,
        0.9290738105773926,
        0.94502854347229,
        0.9403053522109985
    ],
    "precision": [
        0.4996892809867859,
        0.5011610984802246,
        0.5003107190132141,
        0.5076371431350708,
        0.8035541772842407,
        0.733971893787384,
        0.7308894991874695,
        0.7544668912887573,
        0.8797608613967896,
        0.7136581540107727,
        0.5820907354354858,
        0.685389518737793
    ],
    "threshold_accuracy": [
        0.4996892809867859,
        0.5011610984802246,
        0.5003107190132141,
        0.5149959325790405,
        0.8715944290161133,
        0.7933605909347534,
        0.7794276475906372,
        0.8145216703414917,
        0.9142109751701355,
        0.7792313694953918,
        0.6303843259811401,
        0.7547669410705566
    ],
    "f1_score": [
        0.6663903438430879,
        0.6676979114402903,
        0.6669427861870953,
        0.6734060050126471,
        0.8840519105853144,
        0.818573374240258,
        0.800826888697291,
        0.8338460344841159,
        0.918161647598364,
        0.8072419586213245,
        0.7204313788104078,
        0.7928614461325879
    ],
    "val_loss": [
        0.4985238015651703,
        0.5020797252655029,
        0.4983287453651428,
        0.1721765697002411,
        0.39818501472473145,
        0.13992060720920563,
        0.13508260250091553,
        0.15904736518859863,
        0.008117031306028366,
        0.013992656022310257,
        0.3894035518169403,
        0.4856727123260498
    ],
    "val_mse": [
        0.5014750361442566,
        0.4979129731655121,
        0.5006973147392273,
        0.6450018286705017,
        0.4635942280292511,
        0.683459460735321,
        0.6462846994400024,
        0.6704751253128052,
        1.0279488563537598,
        1.0145295858383179,
        0.4690490961074829,
        0.49985700845718384
    ],
    "val_mae": [
        0.5014750957489014,
        0.4979153275489807,
        0.5011842250823975,
        0.7364124655723572,
        0.5365321636199951,
        0.7717583179473877,
        0.7556005716323853,
        0.755709171295166,
        1.0085479021072388,
        0.9993399381637573,
        0.5413400530815125,
        0.5070919990539551
    ],
    "val_recall": [
        1.0,
        1.0,
        1.0,
        1.0,
        0.811876654624939,
        0.9311071038246155,
        0.8640084862709045,
        0.9676193594932556,
        0.9916486144065857,
        0.9845032095909119,
        0.802487850189209,
        0.997576117515564
    ],
    "val_precision": [
        0.5011064410209656,
        0.4982830882072449,
        0.5008774995803833,
        0.6681222915649414,
        0.5086522102355957,
        0.7156896591186523,
        0.758854866027832,
        0.6822810769081116,
        0.9901173710823059,
        0.983755886554718,
        0.5075314044952393,
        0.5040183663368225
    ],
    "val_threshold_accuracy": [
        0.5011064410209656,
        0.4982830882072449,
        0.5008774995803833,
        0.7506295442581177,
        0.5164440870285034,
        0.7774131894111633,
        0.7933613061904907,
        0.7575734257698059,
        0.9909958243370056,
        0.9840518832206726,
        0.5089660286903381,
        0.5043113231658936
    ],
    "val_f1_score": [
        0.6676493738847346,
        0.6651387031590232,
        0.6674461657904935,
        0.8010470873640698,
        0.6254506577328592,
        0.8093089862552634,
        0.8080249354908062,
        0.8002765791835504,
        0.9908823511746018,
        0.9841293561982815,
        0.621804226388701,
        0.6696836423034461
    ],
    "learning_rate": [
        9.951083484338596e-05,
        9.902405872708187e-05,
        9.853966912487522e-05,
        9.80576514848508e-05,
        9.757799125509337e-05,
        9.71006738836877e-05,
        9.66256920946762e-05,
        9.615303861210123e-05,
        9.568269160808995e-05,
        9.521464380668476e-05,
        9.474888793192804e-05,
        9.428541670786217e-05
    ]
}